{"cameraMode":{"drawMode":0,"name":"Shaded","section":"Shading Mode"},"sceneLighting":true,"audioPlay":false,"sceneViewState":{"showFog":true,"showMaterialUpdate":false,"showSkybox":true,"showFlares":true,"showImageEffects":true,"showParticleSystems":true},"in2DMode":false,"pivot":{"x":1.3700151443481446,"y":-1.7220971584320069,"z":1.0489606857299805},"rotation":{"x":0.23068594932556153,"y":0.2390497475862503,"z":-0.058579862117767337,"w":0.9413860440254211},"size":10.0,"orthographic":false}